usasalaries.pages.dev/,https://usasalaries.com/,301,TRUE,FALSE,TRUE,TRUE
scales-dui.pages.dev/,https://usasalaries.com/,301,TRUE,FALSE,TRUE,TRUE
usasalaries.com/salary/chefs-and-head-cooks/,https://usasalaries.com/salary/chefs/,301,TRUE,FALSE,TRUE,TRUE
usasalaries.com/salary/training-and-development-specialists/,https://usasalaries.com/salary/training-development-specialists/,301,TRUE,FALSE,TRUE,TRUE
usasalaries.com/salary/hvac-mechanics-and-installers/,https://usasalaries.com/salary/hvac-technicians/,301,TRUE,FALSE,TRUE,TRUE
usasalaries.com/salary/welders-cutters-solderers-and-brazers/,https://usasalaries.com/salary/welders/,301,TRUE,FALSE,TRUE,TRUE
usasalaries.com/salary/police-and-sheriff-patrol-officers/,https://usasalaries.com/salary/police-officers/,301,TRUE,FALSE,TRUE,TRUE
usasalaries.com/salary/school-counselors/,https://usasalaries.com/salary/educational-guidance-and-career-counselors/,301,TRUE,FALSE,TRUE,TRUE
usasalaries.com/salary/respiratory-therapists-advanced/,https://usasalaries.com/salary/respiratory-therapists/,301,TRUE,FALSE,TRUE,TRUE
usasalaries.com/salary/esl-teachers/,https://usasalaries.com/salary/adult-basic-education-teachers/,301,TRUE,FALSE,TRUE,TRUE
usasalaries.com/salary/public-relations-and-fundraising-managers/,https://usasalaries.com/salary/public-relations-managers/,301,TRUE,FALSE,TRUE,TRUE
usasalaries.com/salary/financial-examiner/,https://usasalaries.com/salary/financial-examiners/,301,TRUE,FALSE,TRUE,TRUE
usasalaries.com/salary/database-administrator/,https://usasalaries.com/salary/database-administrators/,301,TRUE,FALSE,TRUE,TRUE
usasalaries.com/salary/hvac-technician/,https://usasalaries.com/salary/hvac-technicians/,301,TRUE,FALSE,TRUE,TRUE
usasalaries.com/salary/architect/,https://usasalaries.com/salary/architects/,301,TRUE,FALSE,TRUE,TRUE
usasalaries.com/salary/economist/,https://usasalaries.com/salary/economists/,301,TRUE,FALSE,TRUE,TRUE
usasalaries.com/salary/loan-officer/,https://usasalaries.com/salary/loan-officers/,301,TRUE,FALSE,TRUE,TRUE
usasalaries.com/salary/personal-financial-advisor/,https://usasalaries.com/salary/personal-financial-advisors/,301,TRUE,FALSE,TRUE,TRUE
usasalaries.com/salary/chef/,https://usasalaries.com/salary/chefs/,301,TRUE,FALSE,TRUE,TRUE
usasalaries.com/salary/conservation-scientist/,https://usasalaries.com/salary/conservation-scientists/,301,TRUE,FALSE,TRUE,TRUE
usasalaries.com/salary/construction-laborer/,https://usasalaries.com/salary/construction-laborers/,301,TRUE,FALSE,TRUE,TRUE
usasalaries.com/salary/data-analyst/,https://usasalaries.com/salary/data-analysts/,301,TRUE,FALSE,TRUE,TRUE
usasalaries.com/salary/real-estate-agent/,https://usasalaries.com/salary/real-estate-agents/,301,TRUE,FALSE,TRUE,TRUE
usasalaries.com/salary/registered-nurse/,https://usasalaries.com/salary/registered-nurses/,301,TRUE,FALSE,TRUE,TRUE
usasalaries.com/salary/electrician/,https://usasalaries.com/salary/electricians/,301,TRUE,FALSE,TRUE,TRUE
usasalaries.com/salary/roofer/,https://usasalaries.com/salary/roofers/,301,TRUE,FALSE,TRUE,TRUE
usasalaries.com/salary/software-developer/,https://usasalaries.com/salary/software-developers/,301,TRUE,FALSE,TRUE,TRUE
usasalaries.com/salary/childcare-worker/,https://usasalaries.com/salary/childcare-workers/,301,TRUE,FALSE,TRUE,TRUE
usasalaries.com/salary/computer-and-information-research-scientist/,https://usasalaries.com/salary/computer-and-information-research-scientists/,301,TRUE,FALSE,TRUE,TRUE
usasalaries.com/salary/construction-supervisor/,https://usasalaries.com/salary/first-line-supervisors-of-construction-trades/,301,TRUE,FALSE,TRUE,TRUE
usasalaries.com/salary/human-resources-specialist/,https://usasalaries.com/salary/human-resources-specialists/,301,TRUE,FALSE,TRUE,TRUE
usasalaries.com/salary/data-scientist/,https://usasalaries.com/salary/data-scientists/,301,TRUE,FALSE,TRUE,TRUE
usasalaries.com/salary/firefighter/,https://usasalaries.com/salary/firefighters/,301,TRUE,FALSE,TRUE,TRUE
usasalaries.com/salary/hairdresser/,https://usasalaries.com/salary/hairdressers-hairstylists-and-cosmetologists/,301,TRUE,FALSE,TRUE,TRUE
usasalaries.com/salary/human-resources-manager/,https://usasalaries.com/salary/human-resources-specialists/,301,TRUE,FALSE,TRUE,TRUE
usasalaries.com/salary/speech-language-pathologist/,https://usasalaries.com/salary/speech-language-pathologists/,301,TRUE,FALSE,TRUE,TRUE
usasalaries.com/salary/training-development-specialist/,https://usasalaries.com/salary/training-development-specialists/,301,TRUE,FALSE,TRUE,TRUE
usasalaries.com/salary/accountant/,https://usasalaries.com/salary/accountants-and-auditors/,301,TRUE,FALSE,TRUE,TRUE
usasalaries.com/salary/civil-engineer/,https://usasalaries.com/salary/civil-engineers/,301,TRUE,FALSE,TRUE,TRUE
usasalaries.com/salary/computer-programmer/,https://usasalaries.com/salary/computer-programmers/,301,TRUE,FALSE,TRUE,TRUE
usasalaries.com/salary/computer-systems-analyst/,https://usasalaries.com/salary/computer-systems-analysts/,301,TRUE,FALSE,TRUE,TRUE
usasalaries.com/salary/information-security-analyst/,https://usasalaries.com/salary/information-security-analysts/,301,TRUE,FALSE,TRUE,TRUE
usasalaries.com/salary/occupational-therapist/,https://usasalaries.com/salary/occupational-therapists/,301,TRUE,FALSE,TRUE,TRUE
usasalaries.com/salary/welder/,https://usasalaries.com/salary/welders/,301,TRUE,FALSE,TRUE,TRUE
usasalaries.com/salary/airline-pilot/,https://usasalaries.com/salary/airline-pilots-copilots-and-flight-engineers/,301,TRUE,FALSE,TRUE,TRUE
usasalaries.com/salary/art-director/,https://usasalaries.com/salary/art-directors/,301,TRUE,FALSE,TRUE,TRUE
usasalaries.com/salary/college-professor/,https://usasalaries.com/salary/business-professors/,301,TRUE,FALSE,TRUE,TRUE
usasalaries.com/salary/computer-network-architect/,https://usasalaries.com/salary/computer-network-architects/,301,TRUE,FALSE,TRUE,TRUE
usasalaries.com/salary/diagnostic-medical-sonographer/,https://usasalaries.com/salary/diagnostic-medical-sonographers/,301,TRUE,FALSE,TRUE,TRUE
usasalaries.com/salary/hotel-manager/,https://usasalaries.com/salary/lodging-managers/,301,TRUE,FALSE,TRUE,TRUE
usasalaries.com/salary/aerospace-engineer/,https://usasalaries.com/salary/aerospace-engineers/,301,TRUE,FALSE,TRUE,TRUE
usasalaries.com/salary/chemist/,https://usasalaries.com/salary/chemists/,301,TRUE,FALSE,TRUE,TRUE
usasalaries.com/salary/child-family-social-worker/,https://usasalaries.com/salary/child-family-and-school-social-workers/,301,TRUE,FALSE,TRUE,TRUE
usasalaries.com/salary/computer-user-support-specialist/,https://usasalaries.com/salary/computer-user-support-specialists/,301,TRUE,FALSE,TRUE,TRUE
usasalaries.com/salary/architectural-manager/,https://usasalaries.com/salary/architectural-and-engineering-managers/,301,TRUE,FALSE,TRUE,TRUE
usasalaries.com/salary/credit-analyst/,https://usasalaries.com/salary/credit-analysts/,301,TRUE,FALSE,TRUE,TRUE
usasalaries.com/salary/lawyer/,https://usasalaries.com/salary/lawyers/,301,TRUE,FALSE,TRUE,TRUE
usasalaries.com/salary/operations-research-analyst/,https://usasalaries.com/salary/operations-research-analysts/,301,TRUE,FALSE,TRUE,TRUE
usasalaries.com/salary/police-officer/,https://usasalaries.com/salary/police-officers/,301,TRUE,FALSE,TRUE,TRUE
usasalaries.com/salary/secondary-school-teacher/,https://usasalaries.com/salary/secondary-school-teachers/,301,TRUE,FALSE,TRUE,TRUE
usasalaries.com/salary/sociologist/,https://usasalaries.com/salary/sociologists/,301,TRUE,FALSE,TRUE,TRUE
usasalaries.com/salary/financial-analyst/,https://usasalaries.com/salary/financial-and-investment-analysts/,301,TRUE,FALSE,TRUE,TRUE
usasalaries.com/salary/financial-manager/,https://usasalaries.com/salary/financial-managers/,301,TRUE,FALSE,TRUE,TRUE
usasalaries.com/salary/market-research-analyst/,https://usasalaries.com/salary/market-research-analysts/,301,TRUE,FALSE,TRUE,TRUE
usasalaries.com/salary/middle-school-teacher/,https://usasalaries.com/salary/middle-school-teachers/,301,TRUE,FALSE,TRUE,TRUE
usasalaries.com/salary/natural-sciences-manager/,https://usasalaries.com/salary/natural-sciences-managers/,301,TRUE,FALSE,TRUE,TRUE
usasalaries.com/salary/public-relations-manager/,https://usasalaries.com/salary/public-relations-managers/,301,TRUE,FALSE,TRUE,TRUE
usasalaries.com/salary/special-education-teacher/,https://usasalaries.com/salary/special-education-teachers/,301,TRUE,FALSE,TRUE,TRUE
usasalaries.com/salary/compensation-and-benefits-manager/,https://usasalaries.com/salary/compensation-and-benefits-specialists/,301,TRUE,FALSE,TRUE,TRUE
usasalaries.com/salary/dental-hygienist/,https://usasalaries.com/salary/dental-hygienists/,301,TRUE,FALSE,TRUE,TRUE
usasalaries.com/salary/general-manager/,https://usasalaries.com/salary/general-and-operations-managers/,301,TRUE,FALSE,TRUE,TRUE
usasalaries.com/salary/electrical-engineer/,https://usasalaries.com/salary/electrical-engineers/,301,TRUE,FALSE,TRUE,TRUE
usasalaries.com/salary/graphic-designer/,https://usasalaries.com/salary/graphic-designers/,301,TRUE,FALSE,TRUE,TRUE
usasalaries.com/salary/industrial-engineering-technician/,https://usasalaries.com/salary/industrial-engineering-technologists/,301,TRUE,FALSE,TRUE,TRUE
usasalaries.com/salary/laborer-freight/,https://usasalaries.com/salary/laborers-and-freight-stock-material-movers/,301,TRUE,FALSE,TRUE,TRUE
usasalaries.com/salary/medical-scientist/,https://usasalaries.com/salary/medical-scientists/,301,TRUE,FALSE,TRUE,TRUE
usasalaries.com/salary/mental-health-counselor/,https://usasalaries.com/salary/mental-health-counselors/,301,TRUE,FALSE,TRUE,TRUE
usasalaries.com/salary/carpenter/,https://usasalaries.com/salary/carpenters/,301,TRUE,FALSE,TRUE,TRUE
usasalaries.com/salary/elementary-school-teacher/,https://usasalaries.com/salary/elementary-school-teachers/,301,TRUE,FALSE,TRUE,TRUE
usasalaries.com/salary/environmental-engineer/,https://usasalaries.com/salary/environmental-engineers/,301,TRUE,FALSE,TRUE,TRUE
usasalaries.com/salary/food-service-manager/,https://usasalaries.com/salary/food-service-managers/,301,TRUE,FALSE,TRUE,TRUE
usasalaries.com/salary/heavy-truck-driver/,https://usasalaries.com/salary/heavy-and-tractor-trailer-truck-drivers/,301,TRUE,FALSE,TRUE,TRUE
usasalaries.com/salary/marketing-manager/,https://usasalaries.com/salary/marketing-managers/,301,TRUE,FALSE,TRUE,TRUE
usasalaries.com/salary/mental-health-social-worker/,https://usasalaries.com/salary/mental-health-and-substance-abuse-social-workers/,301,TRUE,FALSE,TRUE,TRUE
usasalaries.com/salary/paralegal/,https://usasalaries.com/salary/paralegals-and-legal-assistants/,301,TRUE,FALSE,TRUE,TRUE
usasalaries.com/salary/urban-planner/,https://usasalaries.com/salary/urban-and-regional-planners/,301,TRUE,FALSE,TRUE,TRUE
usasalaries.com/salary/compliance-officer/,https://usasalaries.com/salary/compliance-officers/,301,TRUE,FALSE,TRUE,TRUE
usasalaries.com/salary/industrial-engineer/,https://usasalaries.com/salary/industrial-engineers/,301,TRUE,FALSE,TRUE,TRUE
usasalaries.com/salary/instructional-coordinator/,https://usasalaries.com/salary/instructional-coordinators/,301,TRUE,FALSE,TRUE,TRUE
usasalaries.com/salary/pharmacist/,https://usasalaries.com/salary/pharmacists/,301,TRUE,FALSE,TRUE,TRUE
usasalaries.com/salary/plumber/,https://usasalaries.com/salary/plumbers-pipefitters-and-steamfitters/,301,TRUE,FALSE,TRUE,TRUE
usasalaries.com/salary/police-supervisor/,https://usasalaries.com/salary/first-line-supervisors-of-police/,301,TRUE,FALSE,TRUE,TRUE
usasalaries.com/salary/private-detective/,https://usasalaries.com/salary/private-detectives-and-investigators/,301,TRUE,FALSE,TRUE,TRUE
usasalaries.com/salary/environmental-scientist/,https://usasalaries.com/salary/environmental-scientists-and-specialists/,301,TRUE,FALSE,TRUE,TRUE
usasalaries.com/salary/management-analyst/,https://usasalaries.com/salary/management-analysts/,301,TRUE,FALSE,TRUE,TRUE
usasalaries.com/salary/pharmacy-technician/,https://usasalaries.com/salary/pharmacy-technicians/,301,TRUE,FALSE,TRUE,TRUE
usasalaries.com/salary/family-medicine-physician/,https://usasalaries.com/salary/family-medicine-physicians/,301,TRUE,FALSE,TRUE,TRUE
usasalaries.com/salary/web-developer/,https://usasalaries.com/salary/web-developers/,301,TRUE,FALSE,TRUE,TRUE
usasalaries.com/salary/automotive-service-technician/,https://usasalaries.com/salary/automotive-service-technicians/,301,TRUE,FALSE,TRUE,TRUE
usasalaries.com/salary/chemical-engineer/,https://usasalaries.com/salary/chemical-engineers/,301,TRUE,FALSE,TRUE,TRUE
usasalaries.com/salary/mortgage-loan-officer/,https://usasalaries.com/salary/loan-officers/,301,TRUE,FALSE,TRUE,TRUE
usasalaries.com/salary/physical-therapist/,https://usasalaries.com/salary/physical-therapists/,301,TRUE,FALSE,TRUE,TRUE
usasalaries.com/salary/public-relations-specialist/,https://usasalaries.com/salary/public-relations-specialists/,301,TRUE,FALSE,TRUE,TRUE
usasalaries.com/salary/veterinarian/,https://usasalaries.com/salary/veterinarians/,301,TRUE,FALSE,TRUE,TRUE
usasalaries.com/salary/mechanical-engineer/,https://usasalaries.com/salary/mechanical-engineers/,301,TRUE,FALSE,TRUE,TRUE
usasalaries.com/salary/construction-manager/,https://usasalaries.com/salary/construction-managers/,301,TRUE,FALSE,TRUE,TRUE
usasalaries.com/salary/network-engineer/,https://usasalaries.com/salary/computer-network-architects/,301,TRUE,FALSE,TRUE,TRUE
usasalaries.com/salary/nurse-practitioner/,https://usasalaries.com/salary/nurse-practitioners/,301,TRUE,FALSE,TRUE,TRUE
usasalaries.com/salary/project-manager/,https://usasalaries.com/salary/project-management-specialists/,301,TRUE,FALSE,TRUE,TRUE
usasalaries.com/salary/licensed-practical-nurse/,https://usasalaries.com/salary/licensed-practical-nurses/,301,TRUE,FALSE,TRUE,TRUE
usasalaries.com/salary/sales-manager/,https://usasalaries.com/salary/sales-managers/,301,TRUE,FALSE,TRUE,TRUE
usasalaries.com/salary/computer-controlled-machine-operator/,https://usasalaries.com/salary/computer-numerically-controlled-machine-tool-operators/,301,TRUE,FALSE,TRUE,TRUE
usasalaries.com/salary/physicist/,https://usasalaries.com/salary/physicists/,301,TRUE,FALSE,TRUE,TRUE
usasalaries.com/salary/bookkeeper/,https://usasalaries.com/salary/bookkeeping-accounting-and-auditing-clerks/,301,TRUE,FALSE,TRUE,TRUE
usasalaries.com/salary/driver-sales-worker/,https://usasalaries.com/salary/driver-sales-workers/,301,TRUE,FALSE,TRUE,TRUE
usasalaries.com/salary/editor/,https://usasalaries.com/salary/editors/,301,TRUE,FALSE,TRUE,TRUE
usasalaries.com/salary/executive-secretary/,https://usasalaries.com/salary/secretaries-and-administrative-assistants/,301,TRUE,FALSE,TRUE,TRUE
usasalaries.com/salary/new-accounts-clerk/,https://usasalaries.com/salary/bookkeeping-accounting-and-auditing-clerks/,301,TRUE,FALSE,TRUE,TRUE
usasalaries.com/salary/secretary/,https://usasalaries.com/salary/secretaries-and-administrative-assistants/,301,TRUE,FALSE,TRUE,TRUE
usasalaries.com/salary/chemistry-teacher-college/,https://usasalaries.com/salary/chemistry-professors/,301,TRUE,FALSE,TRUE,TRUE
usasalaries.com/salary/fast-food-worker/,https://usasalaries.com/salary/fast-food-and-counter-workers/,301,TRUE,FALSE,TRUE,TRUE
usasalaries.com/salary/first-line-sales-supervisor/,https://usasalaries.com/salary/first-line-supervisors-of-retail-sales-workers/,301,TRUE,FALSE,TRUE,TRUE
usasalaries.com/salary/health-education-teacher/,https://usasalaries.com/salary/health-education-specialists/,301,TRUE,FALSE,TRUE,TRUE
usasalaries.com/salary/industrial-truck-operator/,https://usasalaries.com/salary/industrial-truck-and-tractor-operators/,301,TRUE,FALSE,TRUE,TRUE
usasalaries.com/salary/machine-learning-engineer/,https://usasalaries.com/salary/computer-and-information-research-scientists/,301,TRUE,FALSE,TRUE,TRUE
usasalaries.com/salary/mri-technologist/,https://usasalaries.com/salary/radiologic-technologists/,301,TRUE,FALSE,TRUE,TRUE
usasalaries.com/salary/pipelayer/,https://usasalaries.com/salary/pipelayers/,301,TRUE,FALSE,TRUE,TRUE
usasalaries.com/salary/respiratory-therapist/,https://usasalaries.com/salary/respiratory-therapists/,301,TRUE,FALSE,TRUE,TRUE
usasalaries.com/salary/sales-representative/,https://usasalaries.com/salary/sales-reps-wholesale-and-manufacturing/,301,TRUE,FALSE,TRUE,TRUE
usasalaries.com/salary/sheet-metal-worker/,https://usasalaries.com/salary/sheet-metal-workers/,301,TRUE,FALSE,TRUE,TRUE
usasalaries.com/salary/administrative-law-judge/,https://usasalaries.com/salary/administrative-law-judges/,301,TRUE,FALSE,TRUE,TRUE
usasalaries.com/salary/appraiser/,https://usasalaries.com/salary/appraisers-and-assessors-of-real-estate/,301,TRUE,FALSE,TRUE,TRUE
usasalaries.com/salary/broadcast-announcer/,https://usasalaries.com/salary/broadcast-announcers-and-radio-disc-jockeys/,301,TRUE,FALSE,TRUE,TRUE
usasalaries.com/salary/business-teacher/,https://usasalaries.com/salary/business-professors/,301,TRUE,FALSE,TRUE,TRUE
usasalaries.com/salary/butcher/,https://usasalaries.com/salary/butchers-and-meat-cutters/,301,TRUE,FALSE,TRUE,TRUE
usasalaries.com/salary/cook-institution/,https://usasalaries.com/salary/cooks-institution-and-cafeteria/,301,TRUE,FALSE,TRUE,TRUE
usasalaries.com/salary/customer-service-representative/,https://usasalaries.com/salary/customer-service-representatives/,301,TRUE,FALSE,TRUE,TRUE
usasalaries.com/salary/environmental-science-technician/,https://usasalaries.com/salary/environmental-science-technicians/,301,TRUE,FALSE,TRUE,TRUE
usasalaries.com/salary/esl-teacher/,https://usasalaries.com/salary/adult-basic-education-teachers/,301,TRUE,FALSE,TRUE,TRUE
usasalaries.com/salary/financial-risk-analyst/,https://usasalaries.com/salary/financial-and-investment-analysts/,301,TRUE,FALSE,TRUE,TRUE
usasalaries.com/salary/glazier/,https://usasalaries.com/salary/glaziers/,301,TRUE,FALSE,TRUE,TRUE
usasalaries.com/salary/kindergarten-teacher/,https://usasalaries.com/salary/kindergarten-teachers/,301,TRUE,FALSE,TRUE,TRUE
usasalaries.com/salary/library-technician/,https://usasalaries.com/salary/librarians-and-media-collections-specialists/,301,TRUE,FALSE,TRUE,TRUE
usasalaries.com/salary/manicurist/,https://usasalaries.com/salary/manicurists-and-pedicurists/,301,TRUE,FALSE,TRUE,TRUE
usasalaries.com/salary/math-teacher-college/,https://usasalaries.com/salary/mathematical-science-professors/,301,TRUE,FALSE,TRUE,TRUE
usasalaries.com/salary/medical-laboratory-technician/,https://usasalaries.com/salary/clinical-laboratory-technologists/,301,TRUE,FALSE,TRUE,TRUE
usasalaries.com/salary/mobile-app-developer/,https://usasalaries.com/salary/software-developers/,301,TRUE,FALSE,TRUE,TRUE
usasalaries.com/salary/optometrist/,https://usasalaries.com/salary/optometrists/,301,TRUE,FALSE,TRUE,TRUE
usasalaries.com/salary/painter-construction/,https://usasalaries.com/salary/painters-construction-and-maintenance/,301,TRUE,FALSE,TRUE,TRUE
usasalaries.com/salary/photographer/,https://usasalaries.com/salary/photographers/,301,TRUE,FALSE,TRUE,TRUE
usasalaries.com/salary/security-guard/,https://usasalaries.com/salary/security-guards/,301,TRUE,FALSE,TRUE,TRUE
usasalaries.com/salary/social-community-manager/,https://usasalaries.com/salary/social-and-community-service-managers/,301,TRUE,FALSE,TRUE,TRUE
usasalaries.com/salary/veterinary-technician/,https://usasalaries.com/salary/veterinary-technologists/,301,TRUE,FALSE,TRUE,TRUE
usasalaries.com/salary/actor/,https://usasalaries.com/salary/actors/,301,TRUE,FALSE,TRUE,TRUE
usasalaries.com/salary/adult-literacy-teacher/,https://usasalaries.com/salary/adult-basic-education-teachers/,301,TRUE,FALSE,TRUE,TRUE
usasalaries.com/salary/agricultural-inspector/,https://usasalaries.com/salary/agricultural-inspectors/,301,TRUE,FALSE,TRUE,TRUE
usasalaries.com/salary/animal-scientist/,https://usasalaries.com/salary/animal-scientists/,301,TRUE,FALSE,TRUE,TRUE
usasalaries.com/salary/baker/,https://usasalaries.com/salary/bakers/,301,TRUE,FALSE,TRUE,TRUE
usasalaries.com/salary/bartender/,https://usasalaries.com/salary/bartenders/,301,TRUE,FALSE,TRUE,TRUE
usasalaries.com/salary/blockchain-developer/,https://usasalaries.com/salary/software-developers/,301,TRUE,FALSE,TRUE,TRUE
usasalaries.com/salary/budget-analyst/,https://usasalaries.com/salary/budget-analysts/,301,TRUE,FALSE,TRUE,TRUE
usasalaries.com/salary/claims-adjuster/,https://usasalaries.com/salary/claims-adjusters-examiners-investigators/,301,TRUE,FALSE,TRUE,TRUE
usasalaries.com/salary/cloud-architect/,https://usasalaries.com/salary/computer-network-architects/,301,TRUE,FALSE,TRUE,TRUE
usasalaries.com/salary/compensation-specialist/,https://usasalaries.com/salary/compensation-and-benefits-specialists/,301,TRUE,FALSE,TRUE,TRUE
usasalaries.com/salary/computer-repair-technician/,https://usasalaries.com/salary/computer-repair-technicians/,301,TRUE,FALSE,TRUE,TRUE
usasalaries.com/salary/cutting-machine-operator/,https://usasalaries.com/salary/cutting-machine-operators/,301,TRUE,FALSE,TRUE,TRUE
usasalaries.com/salary/dentist/,https://usasalaries.com/salary/dentists-general/,301,TRUE,FALSE,TRUE,TRUE
usasalaries.com/salary/emergency-medical-technician/,https://usasalaries.com/salary/emergency-medical-technicians/,301,TRUE,FALSE,TRUE,TRUE
usasalaries.com/salary/grader-sorter/,https://usasalaries.com/salary/graders-and-sorters-agricultural-products/,301,TRUE,FALSE,TRUE,TRUE
usasalaries.com/salary/hydrologist/,https://usasalaries.com/salary/hydrologists/,301,TRUE,FALSE,TRUE,TRUE
usasalaries.com/salary/insurance-claims-clerk/,https://usasalaries.com/salary/claims-adjusters-examiners-investigators/,301,TRUE,FALSE,TRUE,TRUE
usasalaries.com/salary/interior-designer/,https://usasalaries.com/salary/interior-designers/,301,TRUE,FALSE,TRUE,TRUE
usasalaries.com/salary/librarian/,https://usasalaries.com/salary/librarians-and-media-collections-specialists/,301,TRUE,FALSE,TRUE,TRUE
usasalaries.com/salary/locomotive-engineer/,https://usasalaries.com/salary/locomotive-engineers/,301,TRUE,FALSE,TRUE,TRUE
usasalaries.com/salary/materials-scientist/,https://usasalaries.com/salary/materials-scientists/,301,TRUE,FALSE,TRUE,TRUE
usasalaries.com/salary/medical-health-manager/,https://usasalaries.com/salary/medical-and-health-services-managers/,301,TRUE,FALSE,TRUE,TRUE
usasalaries.com/salary/nurse-anesthetist/,https://usasalaries.com/salary/nurse-anesthetists/,301,TRUE,FALSE,TRUE,TRUE
usasalaries.com/salary/payroll-clerk/,https://usasalaries.com/salary/bookkeeping-accounting-and-auditing-clerks/,301,TRUE,FALSE,TRUE,TRUE
usasalaries.com/salary/penetration-tester/,https://usasalaries.com/salary/information-security-analysts/,301,TRUE,FALSE,TRUE,TRUE
usasalaries.com/salary/plasterer/,https://usasalaries.com/salary/plasterers-and-stucco-masons/,301,TRUE,FALSE,TRUE,TRUE
usasalaries.com/salary/preschool-teacher/,https://usasalaries.com/salary/preschool-teachers/,301,TRUE,FALSE,TRUE,TRUE
usasalaries.com/salary/product-manager-tech/,https://usasalaries.com/salary/computer-and-information-systems-managers/,301,TRUE,FALSE,TRUE,TRUE
usasalaries.com/salary/production-supervisor/,https://usasalaries.com/salary/first-line-supervisors-of-production-workers/,301,TRUE,FALSE,TRUE,TRUE
usasalaries.com/salary/purchasing-agent/,https://usasalaries.com/salary/purchasing-managers/,301,TRUE,FALSE,TRUE,TRUE
usasalaries.com/salary/recreation-worker/,https://usasalaries.com/salary/recreation-workers/,301,TRUE,FALSE,TRUE,TRUE
usasalaries.com/salary/retail-salesperson/,https://usasalaries.com/salary/retail-salespersons/,301,TRUE,FALSE,TRUE,TRUE
usasalaries.com/salary/school-counselor/,https://usasalaries.com/salary/educational-guidance-and-career-counselors/,301,TRUE,FALSE,TRUE,TRUE
usasalaries.com/salary/surgical-technologist/,https://usasalaries.com/salary/surgical-technologists/,301,TRUE,FALSE,TRUE,TRUE
usasalaries.com/salary/systems-administrator/,https://usasalaries.com/salary/network-and-computer-systems-administrators/,301,TRUE,FALSE,TRUE,TRUE
usasalaries.com/salary/tax-preparer/,https://usasalaries.com/salary/tax-preparers/,301,TRUE,FALSE,TRUE,TRUE
usasalaries.com/salary/administrative-services-manager/,https://usasalaries.com/salary/administrative-services-managers/,301,TRUE,FALSE,TRUE,TRUE
usasalaries.com/salary/advertising-sales-agent/,https://usasalaries.com/salary/advertising-sales-agents/,301,TRUE,FALSE,TRUE,TRUE
usasalaries.com/salary/ai-engineer/,https://usasalaries.com/salary/computer-and-information-research-scientists/,301,TRUE,FALSE,TRUE,TRUE
usasalaries.com/salary/air-traffic-controller/,https://usasalaries.com/salary/air-traffic-controllers/,301,TRUE,FALSE,TRUE,TRUE
usasalaries.com/salary/aircraft-assembler/,https://usasalaries.com/salary/aircraft-structure-assemblers/,301,TRUE,FALSE,TRUE,TRUE
usasalaries.com/salary/aircraft-mechanic/,https://usasalaries.com/salary/aircraft-mechanics-and-service-technicians/,301,TRUE,FALSE,TRUE,TRUE
usasalaries.com/salary/animal-breeder/,https://usasalaries.com/salary/animal-breeders/,301,TRUE,FALSE,TRUE,TRUE
usasalaries.com/salary/atmospheric-scientist/,https://usasalaries.com/salary/atmospheric-and-space-scientists/,301,TRUE,FALSE,TRUE,TRUE
usasalaries.com/salary/barber/,https://usasalaries.com/salary/barbers/,301,TRUE,FALSE,TRUE,TRUE
usasalaries.com/salary/biochemist/,https://usasalaries.com/salary/biochemists-and-biophysicists/,301,TRUE,FALSE,TRUE,TRUE
usasalaries.com/salary/biological-technician/,https://usasalaries.com/salary/biological-technicians/,301,TRUE,FALSE,TRUE,TRUE
usasalaries.com/salary/brickmason/,https://usasalaries.com/salary/brickmasons-and-blockmasons/,301,TRUE,FALSE,TRUE,TRUE
usasalaries.com/salary/bus-mechanic/,https://usasalaries.com/salary/bus-and-truck-mechanics/,301,TRUE,FALSE,TRUE,TRUE
usasalaries.com/salary/camera-operator/,https://usasalaries.com/salary/camera-operators-television-video-motion-picture/,301,TRUE,FALSE,TRUE,TRUE
usasalaries.com/salary/captain-boat/,https://usasalaries.com/salary/captains-mates-and-pilots-of-water-vessels/,301,TRUE,FALSE,TRUE,TRUE
usasalaries.com/salary/carpet-installer/,https://usasalaries.com/salary/carpet-installers/,301,TRUE,FALSE,TRUE,TRUE
usasalaries.com/salary/cashier/,https://usasalaries.com/salary/cashiers/,301,TRUE,FALSE,TRUE,TRUE
usasalaries.com/salary/commercial-pilot/,https://usasalaries.com/salary/commercial-pilots/,301,TRUE,FALSE,TRUE,TRUE
usasalaries.com/salary/computer-network-support/,https://usasalaries.com/salary/computer-network-support-specialists/,301,TRUE,FALSE,TRUE,TRUE
usasalaries.com/salary/computer-science-teacher/,https://usasalaries.com/salary/computer-science-professors/,301,TRUE,FALSE,TRUE,TRUE
usasalaries.com/salary/cook-fast-food/,https://usasalaries.com/salary/cooks-fast-food/,301,TRUE,FALSE,TRUE,TRUE
usasalaries.com/salary/court-clerk/,https://usasalaries.com/salary/judicial-law-clerks/,301,TRUE,FALSE,TRUE,TRUE
usasalaries.com/salary/cybersecurity-engineer/,https://usasalaries.com/salary/information-security-analysts/,301,TRUE,FALSE,TRUE,TRUE
usasalaries.com/salary/data-engineer/,https://usasalaries.com/salary/database-administrators/,301,TRUE,FALSE,TRUE,TRUE
usasalaries.com/salary/devops-engineer/,https://usasalaries.com/salary/network-and-computer-systems-administrators/,301,TRUE,FALSE,TRUE,TRUE
usasalaries.com/salary/drywall-installer/,https://usasalaries.com/salary/drywall-and-ceiling-tile-installers/,301,TRUE,FALSE,TRUE,TRUE
usasalaries.com/salary/education-teacher-college/,https://usasalaries.com/salary/education-professors/,301,TRUE,FALSE,TRUE,TRUE
usasalaries.com/salary/electrical-assembler/,https://usasalaries.com/salary/electrical-and-electronic-equipment-assemblers/,301,TRUE,FALSE,TRUE,TRUE
usasalaries.com/salary/embedded-systems-engineer/,https://usasalaries.com/salary/computer-hardware-engineers/,301,TRUE,FALSE,TRUE,TRUE
usasalaries.com/salary/english-teacher-college/,https://usasalaries.com/salary/english-language-professors/,301,TRUE,FALSE,TRUE,TRUE
usasalaries.com/salary/farm-equipment-mechanic/,https://usasalaries.com/salary/farm-equipment-mechanics/,301,TRUE,FALSE,TRUE,TRUE
usasalaries.com/salary/fashion-designer/,https://usasalaries.com/salary/fashion-designers/,301,TRUE,FALSE,TRUE,TRUE
usasalaries.com/salary/fitness-trainer/,https://usasalaries.com/salary/exercise-trainers-and-group-fitness-instructors/,301,TRUE,FALSE,TRUE,TRUE
usasalaries.com/salary/food-scientist/,https://usasalaries.com/salary/food-scientists-and-technologists/,301,TRUE,FALSE,TRUE,TRUE
usasalaries.com/salary/full-stack-developer/,https://usasalaries.com/salary/software-developers/,301,TRUE,FALSE,TRUE,TRUE
usasalaries.com/salary/game-developer/,https://usasalaries.com/salary/software-developers/,301,TRUE,FALSE,TRUE,TRUE
usasalaries.com/salary/geoscientist/,https://usasalaries.com/salary/geoscientists/,301,TRUE,FALSE,TRUE,TRUE
usasalaries.com/salary/industrial-machinery-mechanic/,https://usasalaries.com/salary/industrial-machinery-mechanics/,301,TRUE,FALSE,TRUE,TRUE
usasalaries.com/salary/insulation-worker/,https://usasalaries.com/salary/insulation-workers/,301,TRUE,FALSE,TRUE,TRUE
usasalaries.com/salary/judicial-law-clerk/,https://usasalaries.com/salary/judicial-law-clerks/,301,TRUE,FALSE,TRUE,TRUE
usasalaries.com/salary/light-truck-driver/,https://usasalaries.com/salary/light-truck-drivers/,301,TRUE,FALSE,TRUE,TRUE
usasalaries.com/salary/machinst/,https://usasalaries.com/salary/machinists/,301,TRUE,FALSE,TRUE,TRUE
usasalaries.com/salary/materials-engineer/,https://usasalaries.com/salary/materials-engineers/,301,TRUE,FALSE,TRUE,TRUE
usasalaries.com/salary/medical-laboratory-technologist/,https://usasalaries.com/salary/clinical-laboratory-technologists/,301,TRUE,FALSE,TRUE,TRUE
usasalaries.com/salary/microbiologist/,https://usasalaries.com/salary/microbiologists/,301,TRUE,FALSE,TRUE,TRUE
usasalaries.com/salary/musician/,https://usasalaries.com/salary/musicians-and-singers/,301,TRUE,FALSE,TRUE,TRUE
usasalaries.com/salary/office-clerk/,https://usasalaries.com/salary/office-clerks-general/,301,TRUE,FALSE,TRUE,TRUE
usasalaries.com/salary/operating-engineer/,https://usasalaries.com/salary/operating-engineers-and-equipment-operators/,301,TRUE,FALSE,TRUE,TRUE
usasalaries.com/salary/pipeliner/,https://usasalaries.com/salary/pipelayers-plumbers-pipefitters-steamfitters/,301,TRUE,FALSE,TRUE,TRUE
usasalaries.com/salary/podiatrist/,https://usasalaries.com/salary/podiatrists/,301,TRUE,FALSE,TRUE,TRUE
usasalaries.com/salary/producer-director/,https://usasalaries.com/salary/producers-and-directors/,301,TRUE,FALSE,TRUE,TRUE
usasalaries.com/salary/radiologic-technologist/,https://usasalaries.com/salary/radiologic-technologists/,301,TRUE,FALSE,TRUE,TRUE
usasalaries.com/salary/restaurant-cook/,https://usasalaries.com/salary/cooks-restaurant/,301,TRUE,FALSE,TRUE,TRUE
usasalaries.com/salary/robotics-engineer/,https://usasalaries.com/salary/engineers-all-other/,301,TRUE,FALSE,TRUE,TRUE
usasalaries.com/salary/securities-sales-agent/,https://usasalaries.com/salary/securities-commodities-financial-services-sales/,301,TRUE,FALSE,TRUE,TRUE
usasalaries.com/salary/self-enrichment-teacher/,https://usasalaries.com/salary/self-enrichment-teachers/,301,TRUE,FALSE,TRUE,TRUE
usasalaries.com/salary/site-reliability-engineer/,https://usasalaries.com/salary/network-and-computer-systems-administrators/,301,TRUE,FALSE,TRUE,TRUE
usasalaries.com/salary/soil-scientist/,https://usasalaries.com/salary/soil-and-plant-scientists/,301,TRUE,FALSE,TRUE,TRUE
usasalaries.com/salary/statistician/,https://usasalaries.com/salary/statisticians/,301,TRUE,FALSE,TRUE,TRUE
usasalaries.com/salary/structural-engineer/,https://usasalaries.com/salary/engineers-all-other/,301,TRUE,FALSE,TRUE,TRUE
usasalaries.com/salary/structural-iron-worker/,https://usasalaries.com/salary/structural-iron-and-steel-workers/,301,TRUE,FALSE,TRUE,TRUE
usasalaries.com/salary/structural-metal-fabricator/,https://usasalaries.com/salary/structural-metal-fabricators-and-fitters/,301,TRUE,FALSE,TRUE,TRUE
usasalaries.com/salary/supply-chain-analyst/,https://usasalaries.com/salary/logisticians/,301,TRUE,FALSE,TRUE,TRUE
usasalaries.com/salary/teacher-assistant/,https://usasalaries.com/salary/teaching-assistants-postsecondary/,301,TRUE,FALSE,TRUE,TRUE
usasalaries.com/salary/title-examiner/,https://usasalaries.com/salary/title-examiners-abstractors-and-searchers/,301,TRUE,FALSE,TRUE,TRUE
usasalaries.com/salary/tour-guide/,https://usasalaries.com/salary/travel-guides/,301,TRUE,FALSE,TRUE,TRUE
usasalaries.com/salary/ui-ux-designer/,https://usasalaries.com/salary/web-and-digital-interface-designers/,301,TRUE,FALSE,TRUE,TRUE
usasalaries.com/salary/waiter-waitress/,https://usasalaries.com/salary/waiters-and-waitresses/,301,TRUE,FALSE,TRUE,TRUE
usasalaries.com/salary/wholesale-sales-rep/,https://usasalaries.com/salary/sales-reps-wholesale-and-manufacturing/,301,TRUE,FALSE,TRUE,TRUE
usasalaries.com/salary/writer-author/,https://usasalaries.com/salary/writers-and-authors/,301,TRUE,FALSE,TRUE,TRUE
usasalaries.com/salary/zoologist/,https://usasalaries.com/salary/zoologists-and-wildlife-biologists/,301,TRUE,FALSE,TRUE,TRUE
usasalaries.com/salary/agricultural-engineer/,https://usasalaries.com/salary/agricultural-engineers/,301,TRUE,FALSE,TRUE,TRUE
usasalaries.com/salary/backend-developer/,https://usasalaries.com/salary/software-developers/,301,TRUE,FALSE,TRUE,TRUE
usasalaries.com/salary/biological-science-teacher/,https://usasalaries.com/salary/biological-science-professors/,301,TRUE,FALSE,TRUE,TRUE
usasalaries.com/salary/biomedical-engineer/,https://usasalaries.com/salary/biomedical-engineers/,301,TRUE,FALSE,TRUE,TRUE
usasalaries.com/salary/business-analyst/,https://usasalaries.com/salary/management-analysts/,301,TRUE,FALSE,TRUE,TRUE
usasalaries.com/salary/cement-mason/,https://usasalaries.com/salary/cement-masons-and-concrete-finishers/,301,TRUE,FALSE,TRUE,TRUE
usasalaries.com/salary/community-health-worker/,https://usasalaries.com/salary/community-health-workers/,301,TRUE,FALSE,TRUE,TRUE
usasalaries.com/salary/computer-hardware-engineer/,https://usasalaries.com/salary/computer-hardware-engineers/,301,TRUE,FALSE,TRUE,TRUE
usasalaries.com/salary/cost-estimator/,https://usasalaries.com/salary/cost-estimators/,301,TRUE,FALSE,TRUE,TRUE
usasalaries.com/salary/counter-clerk/,https://usasalaries.com/salary/fast-food-and-counter-workers/,301,TRUE,FALSE,TRUE,TRUE
usasalaries.com/salary/court-reporter/,https://usasalaries.com/salary/court-reporters-and-simultaneous-captioners/,301,TRUE,FALSE,TRUE,TRUE
usasalaries.com/salary/detective/,https://usasalaries.com/salary/detectives-and-criminal-investigators/,301,TRUE,FALSE,TRUE,TRUE
usasalaries.com/salary/dietitian/,https://usasalaries.com/salary/dietitians-and-nutritionists/,301,TRUE,FALSE,TRUE,TRUE
usasalaries.com/salary/electrical-engineering-technician/,https://usasalaries.com/salary/electrical-and-electronics-engineering-technologists/,301,TRUE,FALSE,TRUE,TRUE
usasalaries.com/salary/file-clerk/,https://usasalaries.com/salary/office-clerks-general/,301,TRUE,FALSE,TRUE,TRUE
usasalaries.com/salary/fire-investigator/,https://usasalaries.com/salary/detectives-and-criminal-investigators/,301,TRUE,FALSE,TRUE,TRUE
usasalaries.com/salary/first-line-food-supervisor/,https://usasalaries.com/salary/first-line-supervisors-of-food-preparation/,301,TRUE,FALSE,TRUE,TRUE
usasalaries.com/salary/forest-conservation-worker/,https://usasalaries.com/salary/forest-and-conservation-workers/,301,TRUE,FALSE,TRUE,TRUE
usasalaries.com/salary/frontend-developer/,https://usasalaries.com/salary/web-developers/,301,TRUE,FALSE,TRUE,TRUE
usasalaries.com/salary/fundraiser/,https://usasalaries.com/salary/fundraising-managers/,301,TRUE,FALSE,TRUE,TRUE
usasalaries.com/salary/insurance-sales-agent/,https://usasalaries.com/salary/insurance-sales-agents/,301,TRUE,FALSE,TRUE,TRUE
usasalaries.com/salary/logistics-manager/,https://usasalaries.com/salary/logisticians/,301,TRUE,FALSE,TRUE,TRUE
usasalaries.com/salary/marine-engineer/,https://usasalaries.com/salary/marine-engineers-and-naval-architects/,301,TRUE,FALSE,TRUE,TRUE
usasalaries.com/salary/marriage-family-therapist/,https://usasalaries.com/salary/marriage-and-family-therapists/,301,TRUE,FALSE,TRUE,TRUE
usasalaries.com/salary/mechanical-engineering-technician/,https://usasalaries.com/salary/mechanical-engineering-technologists/,301,TRUE,FALSE,TRUE,TRUE
usasalaries.com/salary/news-reporter/,https://usasalaries.com/salary/news-analysts-reporters-and-journalists/,301,TRUE,FALSE,TRUE,TRUE
usasalaries.com/salary/nuclear-engineer/,https://usasalaries.com/salary/nuclear-engineers/,301,TRUE,FALSE,TRUE,TRUE
usasalaries.com/salary/nurse-midwife/,https://usasalaries.com/salary/nurse-midwives/,301,TRUE,FALSE,TRUE,TRUE
usasalaries.com/salary/operations-manager/,https://usasalaries.com/salary/general-and-operations-managers/,301,TRUE,FALSE,TRUE,TRUE
usasalaries.com/salary/petroleum-engineer/,https://usasalaries.com/salary/petroleum-engineers/,301,TRUE,FALSE,TRUE,TRUE
usasalaries.com/salary/physician-assistant/,https://usasalaries.com/salary/physician-assistants/,301,TRUE,FALSE,TRUE,TRUE
usasalaries.com/salary/printing-press-operator/,https://usasalaries.com/salary/printing-press-operators/,301,TRUE,FALSE,TRUE,TRUE
usasalaries.com/salary/production-planner/,https://usasalaries.com/salary/industrial-production-managers/,301,TRUE,FALSE,TRUE,TRUE
usasalaries.com/salary/psychiatric-technician/,https://usasalaries.com/salary/psychiatric-technicians/,301,TRUE,FALSE,TRUE,TRUE
usasalaries.com/salary/quality-assurance-engineer/,https://usasalaries.com/salary/software-quality-assurance-analysts/,301,TRUE,FALSE,TRUE,TRUE
usasalaries.com/salary/reinforcing-iron-worker/,https://usasalaries.com/salary/reinforcing-iron-and-rebar-workers/,301,TRUE,FALSE,TRUE,TRUE
usasalaries.com/salary/renewable-energy-engineer/,https://usasalaries.com/salary/engineers-all-other/,301,TRUE,FALSE,TRUE,TRUE
usasalaries.com/salary/respiratory-therapist-advanced/,https://usasalaries.com/salary/respiratory-therapists/,301,TRUE,FALSE,TRUE,TRUE
usasalaries.com/salary/security-manager/,https://usasalaries.com/salary/security-guards/,301,TRUE,FALSE,TRUE,TRUE
usasalaries.com/salary/skincare-specialist/,https://usasalaries.com/salary/skincare-specialists/,301,TRUE,FALSE,TRUE,TRUE
usasalaries.com/salary/substance-abuse-counselor/,https://usasalaries.com/salary/mental-health-counselors/,301,TRUE,FALSE,TRUE,TRUE
usasalaries.com/salary/tax-examiner/,https://usasalaries.com/salary/financial-examiners/,301,TRUE,FALSE,TRUE,TRUE
usasalaries.com/salary/team-assembler/,https://usasalaries.com/salary/miscellaneous-assemblers-and-fabricators/,301,TRUE,FALSE,TRUE,TRUE
usasalaries.com/salary/telecommunications-technician/,https://usasalaries.com/salary/telecommunications-equipment-installers/,301,TRUE,FALSE,TRUE,TRUE
usasalaries.com/salary/transportation-inspector/,https://usasalaries.com/salary/transportation-inspectors/,301,TRUE,FALSE,TRUE,TRUE
usasalaries.com/salary/travel-agent/,https://usasalaries.com/salary/travel-agents/,301,TRUE,FALSE,TRUE,TRUE
