job_slug,soc
registered-nurses,29-1141
nurse-practitioners,29-1171
pharmacists,29-1051
physical-therapists,29-1123
speech-language-pathologists,29-1127
occupational-therapists,29-1122
licensed-practical-nurses,29-2061
veterinarians,29-1131
dental-hygienists,29-1292
pharmacy-technicians,29-2052
physician-assistants,29-1071
family-medicine-physicians,29-1215
chiropractors,29-1011
dentists-general,29-1021
dietitians-and-nutritionists,29-1031
optometrists,29-1041
podiatrists,29-1081
nurse-anesthetists,29-1151
nurse-midwives,29-1161
anesthesiologists,29-1211
dermatologists,29-1213
emergency-medicine-physicians,29-1214
general-internal-medicine-physicians,29-1216
obstetricians-and-gynecologists,29-1218
pediatricians-general,29-1221
psychiatrists,29-1223
radiologists,29-1224
surgeons-all-other,29-1228
physicians-all-other,29-1229
clinical-laboratory-technologists,29-2010
diagnostic-medical-sonographers,29-2032
radiologic-technologists,29-2034
emergency-medical-technicians,29-2041
psychiatric-technicians,29-2053
respiratory-therapists,29-2054
surgical-technologists,29-2055
veterinary-technologists,29-2056
athletic-trainers,29-9091
respiratory-therapists-advanced,29-1126
occupational-health-safety-specialists,29-9011
software-developers,15-1252
information-security-analysts,15-1212
data-scientists,15-2051
software-quality-assurance-analysts,15-1253
network-and-computer-systems-administrators,15-1244
computer-network-architects,15-1241
web-developers,15-1254
web-and-digital-interface-designers,15-1255
computer-systems-analysts,15-1211
computer-user-support-specialists,15-1232
computer-network-support-specialists,15-1231
computer-and-information-research-scientists,15-1221
database-administrators,15-1242
computer-programmers,15-1251
operations-research-analysts,15-2031
statisticians,15-2041
general-and-operations-managers,11-1021
computer-and-information-systems-managers,11-3021
financial-managers,11-3031
marketing-managers,11-2021
sales-managers,11-2022
construction-managers,11-9021
architectural-and-engineering-managers,11-9041
medical-and-health-services-managers,11-9111
chief-executives,11-1011
public-relations-and-fundraising-managers,11-2031
administrative-services-managers,11-3011
facilities-managers,11-3013
industrial-production-managers,11-3051
purchasing-managers,11-3061
transportation-storage-distribution-managers,11-3071
farmers-ranchers-agricultural-managers,11-9013
education-and-childcare-administrators,11-9031
food-service-managers,11-9051
gambling-managers,11-9071
lodging-managers,11-9081
natural-sciences-managers,11-9121
property-real-estate-managers,11-9141
social-and-community-service-managers,11-9151
personal-service-managers-all-other,11-9198
accountants-and-auditors,13-2011
project-management-specialists,13-1082
management-analysts,13-1111
human-resources-specialists,13-1071
financial-and-investment-analysts,13-2051
personal-financial-advisors,13-2052
claims-adjusters-examiners-investigators,13-1031
compliance-officers,13-1041
cost-estimators,13-1051
compensation-and-benefits-specialists,13-1141
training-and-development-specialists,13-1151
market-research-analysts,13-1161
appraisers-and-assessors-of-real-estate,13-2021
budget-analysts,13-2031
credit-analysts,13-2041
financial-examiners,13-2061
loan-officers,13-2072
tax-preparers,13-2082
logisticians,13-1081
business-operations-specialists-all-other,13-1198
mechanical-engineers,17-2141
civil-engineers,17-2051
electrical-engineers,17-2071
industrial-engineers,17-2112
aerospace-engineers,17-2011
chemical-engineers,17-2041
environmental-engineers,17-2081
materials-engineers,17-2131
nuclear-engineers,17-2161
petroleum-engineers,17-2171
engineers-all-other,17-2199
architectural-and-civil-drafters,17-3011
mechanical-drafters,17-3013
electrical-and-electronics-engineering-technologists,17-3023
industrial-engineering-technologists,17-3026
mechanical-engineering-technologists,17-3027
agricultural-engineers,17-2021
biomedical-engineers,17-2031
computer-hardware-engineers,17-2061
marine-engineers-and-naval-architects,17-2121
elementary-school-teachers,25-2021
secondary-school-teachers,25-2031
middle-school-teachers,25-2022
kindergarten-teachers,25-2012
preschool-teachers,25-2011
special-education-teachers,25-2059
business-professors,25-1011
computer-science-professors,25-1021
mathematical-science-professors,25-1022
biological-science-professors,25-1042
chemistry-professors,25-1052
education-professors,25-1081
english-language-professors,25-1123
adult-basic-education-teachers,25-3011
self-enrichment-teachers,25-3021
librarians-and-media-collections-specialists,25-4022
instructional-coordinators,25-9031
teaching-assistants-postsecondary,25-9042
esl-teachers,25-2053
school-counselors,25-9031
lawyers,23-1011
paralegals-and-legal-assistants,23-2011
judicial-law-clerks,23-1012
administrative-law-judges,23-1021
court-reporters-and-simultaneous-captioners,23-2091
title-examiners-abstractors-and-searchers,23-2093
chemists,19-2031
medical-scientists,19-1042
environmental-scientists-and-specialists,19-2041
conservation-scientists,19-1031
economists,19-3011
sociologists,19-3041
urban-and-regional-planners,19-3051
animal-scientists,19-1011
food-scientists-and-technologists,19-1012
soil-and-plant-scientists,19-1013
biochemists-and-biophysicists,19-1021
microbiologists,19-1022
zoologists-and-wildlife-biologists,19-1023
biological-technicians,19-4021
physicists,19-2012
atmospheric-and-space-scientists,19-2021
materials-scientists,19-2032
hydrologists,19-2043
geoscientists,19-2042
chemical-technicians,19-4031
environmental-science-technicians,19-4042
electricians,47-2111
plumbers-pipefitters-and-steamfitters,47-2152
carpenters,47-2031
construction-laborers,47-2061
first-line-supervisors-of-construction-trades,47-1011
brickmasons-and-blockmasons,47-2021
carpet-installers,47-2041
cement-masons-and-concrete-finishers,47-2051
pipelayers,47-2071
operating-engineers-and-equipment-operators,47-2073
drywall-and-ceiling-tile-installers,47-2081
glaziers,47-2121
insulation-workers,47-2131
painters-construction-and-maintenance,47-2141
pipelayers-plumbers-pipefitters-steamfitters,47-2151
plasterers-and-stucco-masons,47-2161
reinforcing-iron-and-rebar-workers,47-2171
sheet-metal-workers,47-2211
structural-iron-and-steel-workers,47-2221
construction-and-building-inspectors,47-4011
hvac-mechanics-and-installers,49-9021
automotive-service-technicians,49-3023
telecommunications-equipment-installers,49-2022
electrical-power-line-installers,49-9051
aircraft-mechanics-and-service-technicians,49-3011
bus-and-truck-mechanics,49-3031
farm-equipment-mechanics,49-3041
industrial-machinery-mechanics,49-9041
maintenance-workers-machinery,49-9043
millwrights,49-9044
telecommunications-line-installers,49-9052
maintenance-and-repair-workers-general,49-9071
helpers-installation-maintenance-repair,49-9098
computer-repair-technicians,49-2011
locksmiths-and-safe-repairers,49-9094
welders-cutters-solderers-and-brazers,51-4121
first-line-supervisors-of-production-workers,51-1011
aircraft-structure-assemblers,51-2011
electrical-and-electronic-equipment-assemblers,51-2028
structural-metal-fabricators-and-fitters,51-2041
miscellaneous-assemblers-and-fabricators,51-2098
bakers,51-3011
butchers-and-meat-cutters,51-3021
computer-numerically-controlled-machine-tool-operators,51-4011
cutting-machine-operators,51-4031
printing-press-operators,51-5112
machinists,51-4041
heavy-and-tractor-trailer-truck-drivers,53-3032
airline-pilots-copilots-and-flight-engineers,53-2011
commercial-pilots,53-2012
air-traffic-controllers,53-2021
light-truck-drivers,53-3033
driver-sales-workers,53-3031
locomotive-engineers,53-4011
captains-mates-and-pilots-of-water-vessels,53-5021
transportation-inspectors,53-6051
industrial-truck-and-tractor-operators,53-7051
laborers-and-freight-stock-material-movers,53-7062
sales-reps-wholesale-and-manufacturing,41-4012
first-line-supervisors-of-retail-sales-workers,41-1011
cashiers,41-2011
retail-salespersons,41-2031
advertising-sales-agents,41-3011
insurance-sales-agents,41-3021
securities-commodities-financial-services-sales,41-3031
travel-agents,41-3041
graphic-designers,27-1024
art-directors,27-1011
interior-designers,27-1025
fashion-designers,27-1022
producers-and-directors,27-2012
writers-and-authors,27-3043
editors,27-3041
photographers,27-4021
camera-operators-television-video-motion-picture,27-4031
actors,27-2011
musicians-and-singers,27-2042
broadcast-announcers-and-radio-disc-jockeys,27-3011
news-analysts-reporters-and-journalists,27-3023
special-effects-artists-and-animators,27-1014
public-relations-specialists,27-3031
police-and-sheriff-patrol-officers,33-3051
firefighters,33-2011
first-line-supervisors-of-police,33-1012
detectives-and-criminal-investigators,33-3021
security-guards,33-9032
first-line-supervisors-of-firefighting,33-1021
correctional-officers-and-jailers,33-3012
private-detectives-and-investigators,33-9021
chefs-and-head-cooks,35-1011
first-line-supervisors-of-food-preparation,35-1012
cooks-fast-food,35-2011
cooks-institution-and-cafeteria,35-2012
cooks-restaurant,35-2014
bartenders,35-3011
fast-food-and-counter-workers,35-3023
waiters-and-waitresses,35-3031
dining-room-attendants-and-bartender-helpers,35-9011
hairdressers-hairstylists-and-cosmetologists,39-5012
childcare-workers,39-9011
exercise-trainers-and-group-fitness-instructors,39-9031
animal-caretakers,39-2021
barbers,39-5011
manicurists-and-pedicurists,39-5092
skincare-specialists,39-5094
travel-guides,39-7012
recreation-workers,39-9032
child-family-and-school-social-workers,21-1021
mental-health-and-substance-abuse-social-workers,21-1023
health-education-specialists,21-1091
social-and-human-service-assistants,21-1093
community-health-workers,21-1094
educational-guidance-and-career-counselors,21-1012
marriage-and-family-therapists,21-1013
mental-health-counselors,21-1014
rehabilitation-counselors,21-1015
healthcare-social-workers,21-1022
first-line-supervisors-of-farming-fishing-forestry,45-1011
agricultural-inspectors,45-2011
animal-breeders,45-2021
graders-and-sorters-agricultural-products,45-2041
forest-and-conservation-workers,45-4011
logging-equipment-operators,45-4022
first-line-supervisors-of-office-workers,43-1011
bookkeeping-accounting-and-auditing-clerks,43-3031
customer-service-representatives,43-4051
secretaries-and-administrative-assistants,43-6014
office-clerks-general,43-9061
training-development-specialists,13-1151
real-estate-agents,41-9022
architects,17-1011
hvac-technicians,49-9021
roofers,47-2181
welders,51-4121
chefs,35-1011
police-officers,33-3051
