old_slug,new_slug
accountant,accountants-and-auditors
administrative-law-judge,administrative-law-judges
adult-literacy-teacher,adult-basic-education-teachers
advertising-sales-agent,advertising-sales-agents
aerospace-engineer,aerospace-engineers
agricultural-engineer,agricultural-engineers
agricultural-inspector,agricultural-inspectors
air-traffic-controller,air-traffic-controllers
aircraft-assembler,aircraft-structure-assemblers
aircraft-mechanic,aircraft-mechanics-and-service-technicians
airline-pilot,airline-pilots-copilots-and-flight-engineers
animal-breeder,animal-breeders
animal-scientist,animal-scientists
appraiser,appraisers-and-assessors-of-real-estate
architect,architects
architectural-manager,architectural-and-engineering-managers
art-director,art-directors
atmospheric-scientist,atmospheric-and-space-scientists
automotive-service-technician,automotive-service-technicians
baker,bakers
barber,barbers
bartender,bartenders
biochemist,biochemists-and-biophysicists
biological-science-teacher,biological-science-professors
biomedical-engineer,biomedical-engineers
bookkeeper,bookkeeping-accounting-and-auditing-clerks
brickmason,brickmasons-and-blockmasons
broadcast-announcer,broadcast-announcers-and-radio-disc-jockeys
budget-analyst,budget-analysts
bus-mechanic,bus-and-truck-mechanics
business-teacher,business-professors
butcher,butchers-and-meat-cutters
camera-operator,camera-operators-television-video-motion-picture
captain-boat,captains-mates-and-pilots-of-water-vessels
carpenter,carpenters
carpet-installer,carpet-installers
cashier,cashiers
cement-mason,cement-masons-and-concrete-finishers
chef,chefs
chemical-engineer,chemical-engineers
chemist,chemists
chemistry-teacher-college,chemistry-professors
child-family-social-worker,child-family-and-school-social-workers
childcare-worker,childcare-workers
civil-engineer,civil-engineers
claims-adjuster,claims-adjusters-examiners-investigators
commercial-pilot,commercial-pilots
compensation-and-benefits-manager,compensation-and-benefits-specialists
compensation-specialist,compensation-and-benefits-specialists
compliance-officer,compliance-officers
computer-and-information-research-scientist,computer-and-information-research-scientists
computer-controlled-machine-operator,computer-numerically-controlled-machine-tool-operators
computer-hardware-engineer,computer-hardware-engineers
computer-network-architect,computer-network-architects
computer-network-support,computer-network-support-specialists
computer-programmer,computer-programmers
computer-repair-technician,computer-repair-technicians
computer-systems-analyst,computer-systems-analysts
computer-user-support-specialist,computer-user-support-specialists
conservation-scientist,conservation-scientists
construction-laborer,construction-laborers
construction-manager,construction-managers
construction-supervisor,first-line-supervisors-of-construction-trades
cook-fast-food,cooks-fast-food
cook-institution,cooks-institution-and-cafeteria
cost-estimator,cost-estimators
court-reporter,court-reporters-and-simultaneous-captioners
credit-analyst,credit-analysts
customer-service-representative,customer-service-representatives
cutting-machine-operator,cutting-machine-operators
data-analyst,data-analysts
data-scientist,data-scientists
database-administrator,database-administrators
dental-hygienist,dental-hygienists
detective,detectives-and-criminal-investigators
diagnostic-medical-sonographer,diagnostic-medical-sonographers
dietitian,dietitians-and-nutritionists
driver-sales-worker,driver-sales-workers
drywall-installer,drywall-and-ceiling-tile-installers
economist,economists
editor,editors
education-teacher-college,education-professors
electrical-engineer,electrical-engineers
electrical-engineering-technician,electrical-and-electronics-engineering-technologists
electrician,electricians
elementary-school-teacher,elementary-school-teachers
emergency-medical-technician,emergency-medical-technicians
english-teacher-college,english-language-professors
environmental-engineer,environmental-engineers
environmental-science-technician,environmental-science-technicians
environmental-scientist,environmental-scientists-and-specialists
family-medicine-physician,family-medicine-physicians
farm-equipment-mechanic,farm-equipment-mechanics
fast-food-worker,fast-food-and-counter-workers
financial-analyst,financial-and-investment-analysts
financial-examiner,financial-examiners
financial-manager,financial-managers
firefighter,firefighters
first-line-food-supervisor,first-line-supervisors-of-food-preparation
first-line-sales-supervisor,first-line-supervisors-of-retail-sales-workers
food-scientist,food-scientists-and-technologists
food-service-manager,food-service-managers
forest-conservation-worker,forest-and-conservation-workers
general-manager,general-and-operations-managers
glazier,glaziers
grader-sorter,graders-and-sorters-agricultural-products
graphic-designer,graphic-designers
hairdresser,hairdressers-hairstylists-and-cosmetologists
heavy-truck-driver,heavy-and-tractor-trailer-truck-drivers
hotel-manager,lodging-managers
human-resources-manager,human-resources-specialists
human-resources-specialist,human-resources-specialists
hvac-technician,hvac-technicians
hydrologist,hydrologists
industrial-engineer,industrial-engineers
industrial-engineering-technician,industrial-engineering-technologists
industrial-machinery-mechanic,industrial-machinery-mechanics
industrial-truck-operator,industrial-truck-and-tractor-operators
information-security-analyst,information-security-analysts
instructional-coordinator,instructional-coordinators
insulation-worker,insulation-workers
insurance-sales-agent,insurance-sales-agents
interior-designer,interior-designers
judicial-law-clerk,judicial-law-clerks
kindergarten-teacher,kindergarten-teachers
laborer-freight,laborers-and-freight-stock-material-movers
lawyer,lawyers
licensed-practical-nurse,licensed-practical-nurses
light-truck-driver,light-truck-drivers
loan-officer,loan-officers
locomotive-engineer,locomotive-engineers
machinst,machinists
management-analyst,management-analysts
manicurist,manicurists-and-pedicurists
marine-engineer,marine-engineers-and-naval-architects
market-research-analyst,market-research-analysts
marketing-manager,marketing-managers
marriage-family-therapist,marriage-and-family-therapists
materials-engineer,materials-engineers
materials-scientist,materials-scientists
math-teacher-college,mathematical-science-professors
mechanical-engineer,mechanical-engineers
medical-health-manager,medical-and-health-services-managers
medical-scientist,medical-scientists
mental-health-counselor,mental-health-counselors
mental-health-social-worker,mental-health-and-substance-abuse-social-workers
microbiologist,microbiologists
middle-school-teacher,middle-school-teachers
mortgage-loan-officer,loan-officers
natural-sciences-manager,natural-sciences-managers
network-engineer,computer-network-architects
nuclear-engineer,nuclear-engineers
nurse-anesthetist,nurse-anesthetists
nurse-midwife,nurse-midwives
nurse-practitioner,nurse-practitioners
occupational-therapist,occupational-therapists
office-clerk,office-clerks-general
operating-engineer,operating-engineers-and-equipment-operators
operations-research-analyst,operations-research-analysts
optometrist,optometrists
painter-construction,painters-construction-and-maintenance
paralegal,paralegals-and-legal-assistants
personal-financial-advisor,personal-financial-advisors
petroleum-engineer,petroleum-engineers
pharmacist,pharmacists
pharmacy-technician,pharmacy-technicians
physical-therapist,physical-therapists
physician-assistant,physician-assistants
physicist,physicists
pipelayer,pipelayers
pipeliner,pipelayers-plumbers-pipefitters-steamfitters
plasterer,plasterers-and-stucco-masons
plumber,plumbers-pipefitters-and-steamfitters
podiatrist,podiatrists
police-officer,police-officers
police-supervisor,first-line-supervisors-of-police
preschool-teacher,preschool-teachers
private-detective,private-detectives-and-investigators
producer-director,producers-and-directors
production-supervisor,first-line-supervisors-of-production-workers
project-manager,project-management-specialists
psychiatric-technician,psychiatric-technicians
public-relations-manager,public-relations-and-fundraising-managers
public-relations-specialist,public-relations-specialists
radiologic-technologist,radiologic-technologists
real-estate-agent,real-estate-agents
recreation-worker,recreation-workers
registered-nurse,registered-nurses
reinforcing-iron-worker,reinforcing-iron-and-rebar-workers
renewable-energy-engineer,engineers-all-other
respiratory-therapist,respiratory-therapists
respiratory-therapist-advanced,respiratory-therapists-advanced
restaurant-cook,cooks-restaurant
retail-salesperson,retail-salespersons
robotics-engineer,engineers-all-other
roofer,roofers
sales-manager,sales-managers
sales-representative,sales-reps-wholesale-and-manufacturing
secondary-school-teacher,secondary-school-teachers
secretary,secretaries-and-administrative-assistants
securities-sales-agent,securities-commodities-financial-services-sales
security-manager,security-guards
self-enrichment-teacher,self-enrichment-teachers
sheet-metal-worker,sheet-metal-workers
skincare-specialist,skincare-specialists
social-community-manager,social-and-community-service-managers
sociologist,sociologists
software-developer,software-developers
soil-scientist,soil-and-plant-scientists
special-education-teacher,special-education-teachers
speech-language-pathologist,speech-language-pathologists
statistician,statisticians
structural-engineer,engineers-all-other
structural-iron-worker,structural-iron-and-steel-workers
structural-metal-fabricator,structural-metal-fabricators-and-fitters
surgical-technologist,surgical-technologists
tax-preparer,tax-preparers
telecommunications-technician,telecommunications-equipment-installers
title-examiner,title-examiners-abstractors-and-searchers
training-development-specialist,training-development-specialists
transportation-inspector,transportation-inspectors
travel-agent,travel-agents
urban-planner,urban-and-regional-planners
veterinarian,veterinarians
veterinary-technician,veterinary-technologists
waiter-waitress,waiters-and-waitresses
web-developer,web-developers
welder,welders
writer-author,writers-and-authors
zoologist,zoologists-and-wildlife-biologists
