soc,tot_emp,a_mean,a_pct10,a_pct25,a_median,a_pct75,a_pct90
11-1011,204350,269630,75700,129540,213990,356200,507730
11-1021,3503020,134940,50090,72320,105770,167280,253390
11-2021,395240,177770,90260,123020,166790,216410,293610
11-2022,637080,164350,73170,100360,148270,207340,290540
11-2032,74850,164760,82410,106580,146910,204520,284990
11-2033,38810,140020,75130,95970,125470,169990,222350
11-3012,263960,129870,67100,86460,114130,157420,207720
11-3013,156180,116890,64480,82020,106660,138870,176120
11-3021,670570,192160,107550,138060,175140,220730,297510
11-3031,841710,186910,94310,125490,166570,219980,323270
11-3051,246250,134170,78000,98160,126060,161880,205520
11-3061,84320,156360,92490,115550,148080,182270,223280
11-3071,221180,121600,65120,82440,107230,146770,194900
11-9013,6500,99820,54320,66300,89900,118860,160020
11-9021,380360,124360,69690,88550,114990,151640,189440
11-9031,73660,64800,38580,47040,59300,75500,98240
11-9041,220260,181540,120810,139360,171270,212500,262760
11-9051,238430,74880,45960,56870,69390,86800,107640
11-9071,5030,103050,55960,72570,93220,122990,164350
11-9081,42620,78740,40070,49530,69250,94030,128880
11-9111,597080,140970,73390,94700,123860,166100,224340
11-9121,108690,180250,79710,119430,167220,221540,316850
11-9141,311180,83710,41010,50720,69990,97910,139680
11-9151,209330,88880,53150,64290,80390,103200,132260
11-9179,10450,78190,44910,54130,69770,94440,118710
13-1031,324230,80470,48850,61160,78000,98030,117040
13-1041,417070,88400,48220,61280,80730,109010,133720
13-1051,224220,85390,48530,61150,78740,101850,130820
13-1071,912430,81990,47180,58610,75940,99380,128720
13-1081,251040,89730,50890,64440,82320,106190,133160
13-1082,1066670,110740,61580,78440,102320,133100,167970
13-1111,898280,113790,60640,77950,101860,133370,171640
13-1141,112380,84330,49480,60890,78210,100400,128920
13-1151,458300,75550,38760,50110,69280,95050,123250
13-1161,899580,89490,43390,58350,78760,108310,155480
13-1199,1087090,93970,47880,62640,83050,114010,150010
13-2011,1449500,94750,56020,67020,83680,109810,144090
13-2020,57070,75770,40030,50970,67960,92760,122660
13-2031,47160,96370,62250,75320,91640,114220,136660
13-2041,64390,100850,56250,65210,83510,122460,169230
13-2051,361980,116800,63720,79290,102740,133340,180860
13-2052,266800,156670,50190,72440,105070,176790,357020
13-2061,67830,106240,56230,70660,94160,129600,174200
13-2072,274330,87790,39430,52730,76690,104080,153180
13-2082,76480,60930,33760,38910,54920,76300,99270
15-1211,519530,114610,67340,82860,105850,134110,167710
15-1212,190650,132510,75090,97810,129180,163500,199850
15-1221,37200,153930,82200,103570,140300,188700,230630
15-1231,146190,81870,47120,58240,76220,98750,127780
15-1232,717190,67330,40980,49000,61860,79040,100540
15-1241,179740,139580,79900,104620,134050,168200,202680
15-1242,69990,110090,60230,79610,104620,135460,163320
15-1244,314340,103680,62640,78010,99130,126640,155050
15-1251,92230,105170,57710,75850,100390,130680,160460
15-1252,1687890,148100,82460,105210,135980,171980,214670
15-1253,186740,111490,61440,80310,104300,133180,167010
15-1254,70190,98770,48100,64230,92650,126230,162290
15-1255,113330,117490,53750,73290,104000,158820,201550
15-2031,108510,99730,57060,68360,88940,125990,159910
15-2041,29030,115700,64000,82220,105650,141490,174050
15-2051,262440,126800,67240,85660,120230,158880,199130
17-1011,106770,106260,62300,77960,99280,126550,161420
17-2011,67710,142060,86700,106110,134960,169690,205890
17-2021,1480,108230,68060,82260,98590,124880,166460
17-2031,23480,116890,71850,86980,109370,136600,168180
17-2041,21070,129980,79420,97820,125040,157190,182880
17-2051,367840,108670,68240,79930,100840,129680,163220
17-2061,76660,162670,92940,126090,161740,202990,225330
17-2071,198750,125100,76550,92830,120630,152950,184300
17-2081,38340,112910,69990,83570,107110,134420,162220
17-2112,365740,109900,74370,83600,102440,129250,159860
17-2121,8250,124180,83010,99250,112230,137690,173330
17-2131,22770,120250,72300,88080,112860,142720,175720
17-2141,296810,113610,73990,84130,104110,132590,164340
17-2161,15280,140420,92960,108690,133970,163630,196290
17-2171,18060,157150,81440,106270,144910,197920,253200
17-2199,154070,125330,66810,90970,122930,158090,189950
17-3011,103700,70740,46260,55650,66150,80870,99710
17-3013,39960,75060,48360,58080,71550,86120,106580
17-3023,95130,80680,49510,61610,78190,97650,115700
17-3026,75570,70700,47300,55760,66120,80280,99150
17-3027,36190,76380,48400,59510,74510,88110,106050
19-1011,3100,88350,44350,49770,68940,103300,166000
19-1012,13060,95360,52920,68810,88720,116650,145280
19-1013,15730,87720,48680,61660,78850,103740,138120
19-1021,33830,129840,74290,95000,127410,163460,201110
19-1022,18940,97600,54670,67100,87990,122350,150000
19-1023,18120,83020,49100,61180,76780,96100,126440
19-1031,25950,77130,47550,57700,73010,91560,110410
19-1042,172340,116840,64800,79840,103410,139380,177780
19-2012,20430,171180,82110,111720,172250,222760,274110
19-2021,10000,106110,53060,73350,99070,129960,161890
19-2031,82770,100450,58460,69460,91240,125550,160830
19-2032,8470,126180,66820,89990,117790,150550,197290
19-2041,89250,91680,52520,64490,82220,107970,140010
19-2042,23470,116150,59330,75110,101920,139380,200230
19-2043,5850,103600,64020,77210,96600,122830,153130
19-3011,17790,142130,67360,89330,124720,174720,238060
19-3041,2260,114920,65160,82300,106030,137420,172550
19-3051,44230,94750,60010,72020,89320,110030,134490
19-4021,69620,61380,40330,48130,57510,71520,84940
19-4031,57540,63900,41740,48530,60390,75900,92040
19-4042,34670,60800,38170,45820,55090,69910,94160
19-5011,140610,93860,55000,69560,90150,111690,134950
21-1012,353310,71430,45020,51270,64330,82870,104770
21-1013,66740,76960,44650,50070,66940,93840,123730
21-1015,94740,51820,35060,38770,46850,59260,77170
21-1018,491930,64440,38940,47100,59350,76530,97590
21-1021,392550,64000,42280,48270,59550,76070,95530
21-1022,187630,71790,46220,56710,67880,82240,100360
21-1023,132810,68030,39740,47070,60280,79730,104170
21-1091,65690,73280,42990,50620,64070,87130,118200
21-1093,437860,47690,34200,38150,45930,54350,63290
21-1094,61660,56180,38810,45640,51850,62540,77180
23-1011,754500,185840,78360,102990,159670,221370,351600
23-1012,13290,72950,46180,52870,64920,80420,113140
23-1021,16370,125990,61110,81140,117860,159680,207480
23-2011,392880,69700,44740,50340,62890,80080,101500
23-2093,48580,62350,38170,47420,58650,74810,90830
25-1011,82150,114720,47180,64150,99080,141710,209470
25-1021,35480,104420,49460,66600,96980,131320,170200
25-1022,47670,91550,49180,61690,79940,105000,139340
25-1042,50190,102840,52150,64350,84620,126770,169900
25-1052,19980,105210,57870,68530,93250,127280,172110
25-1081,60830,79350,39530,53770,75350,97590,126860
25-1123,57720,89580,48270,60900,78760,103130,137250
25-2011,478780,43030,28990,34530,38140,47550,61390
25-2012,108870,69370,46990,52180,62680,79910,101830
25-2021,1388390,72650,47960,57710,63970,81450,104340
25-2022,620090,72030,48080,58530,64370,80490,102540
25-2031,1065210,76320,48780,59980,72040,92570,107600
25-2059,33930,79750,48440,60930,76580,99690,120080
25-3011,37310,65860,41810,49100,61540,77690,98030
25-3021,332110,54740,30050,36380,46800,63210,92840
25-4022,133790,72840,43660,56310,68270,84480,103990
25-9031,227760,80920,47980,60780,77440,98820,121670
25-9044,164090,47670,28600,35270,42910,60510,76420
27-1011,53070,129440,64900,82480,114850,162640,213050
27-1014,19970,112870,58600,75490,102030,139130,177110
27-1022,21450,91230,39490,51940,80960,106470,146870
27-1024,197830,70560,39520,49040,62960,81830,104910
27-1025,71500,74540,41420,51840,67190,85740,114140
27-2011,55000,,,,,,
27-2012,143120,113300,45780,62670,90360,134800,198540
27-2042,36180,,,,,,
27-3011,21240,78720,28190,35360,47340,75480,138440
27-3023,39250,102460,36240,45370,62200,98450,144140
27-3031,283380,84120,44110,56260,74750,100370,135150
27-3041,91690,90060,41250,57300,77920,106100,153700
27-3043,47940,86090,44310,58230,76910,101950,139870
27-3092,12870,78760,42130,53760,72420,100780,130560
27-4021,51760,55410,30820,36050,44660,62740,91810
27-4031,21550,83210,38520,50920,74990,106660,135180
29-1011,39630,90520,43460,60070,79200,105050,146080
29-1021,124390,191350,86250,125710,170950,224040,319630
29-1031,77570,77130,49090,63080,76400,89340,103720
29-1041,42790,141550,74870,109400,136570,165120,202180
29-1051,321970,140920,99290,129380,140910,161840,174230
29-1071,162150,141280,99380,120670,135880,163980,190280
29-1081,9680,175480,66010,103730,160300,225910,309670
29-1122,162450,101280,71690,82510,100330,116670,131950
29-1123,267330,105280,77140,86160,102760,121160,135140
29-1126,139790,87300,63660,74520,82280,98730,118050
29-1127,183390,98170,62900,77730,97870,114570,134160
29-1131,83900,142680,73920,101460,130100,166120,215700
29-1141,3379720,101420,68940,80330,97550,112350,137470
29-1151,51840,248320,155250,206730,236590,294350,339500
29-1161,7920,136980,93620,116510,134040,157400,188320
29-1171,323040,137300,101340,117990,132300,156700,174420
29-1211,38760,360570,101460,207000,391490,490530,557130
29-1213,11370,323530,102810,139990,328730,452450,578560
29-1214,32880,317480,103610,184830,335550,418890,495910
29-1215,107510,255820,76830,162420,244180,334270,428550
29-1216,67150,267200,73570,124470,256560,374850,475430
29-1218,21260,279040,94680,179810,292910,369390,437300
29-1221,39390,212110,91470,138290,210040,273700,338500
29-1223,27980,269940,84060,154150,281870,362740,446520
29-1224,26770,381530,89010,216800,420860,506010,594410
29-1229,342720,262040,69170,102930,265930,378770,452360
29-1249,25140,373930,80320,134850,414010,511420,655320
29-1292,222740,98990,74880,83570,98100,108480,126050
29-2010,332940,67350,38910,47650,62930,81450,100990
29-2032,90160,97240,67820,80430,96590,106930,129370
29-2034,230490,83840,55980,64810,80110,98750,118660
29-2042,180510,46830,34130,37960,44470,50100,62500
29-2052,471680,46620,36020,37850,45750,49990,61040
29-2053,156960,46610,35090,38430,45130,50160,60750
29-2055,117460,68710,45940,54690,64650,79750,96940
29-2056,129140,49120,35710,38910,47380,57650,63180
29-2061,648410,67050,49740,59000,64400,76030,83440
29-9091,30500,66620,48180,55130,62520,74630,88760
33-1012,154610,112190,63350,81860,106040,132620,165110
33-1021,99140,96930,53430,72140,93530,119500,140010
33-2011,345990,63630,34910,44490,59280,77250,101040
33-3012,380500,63630,42760,48640,58940,75850,93220
33-3021,114430,99430,55390,69330,93790,120520,160540
33-3051,670520,79200,47510,59290,76210,97600,115120
33-9021,35580,60150,36740,40700,51220,73990,97630
33-9032,1283470,42470,30210,35210,38020,46200,58840
35-1011,200040,66700,37900,48440,62470,78750,98560
35-1012,1223240,46180,29940,35980,44080,54570,65570
35-2011,641070,32390,22580,27260,30890,37260,42910
35-2012,441050,38810,28480,32440,37450,44800,49670
35-2014,1409890,38730,28700,34010,37390,44620,47900
35-3011,756390,40790,20110,27400,34340,47570,73770
35-3023,3854050,32150,22840,27700,31200,36070,42650
35-3031,2270910,40060,18100,27750,35230,47110,64720
35-9011,542750,34230,21300,28330,33980,37250,46570
39-2021,266910,37300,27250,29820,35360,40050,50060
39-5011,15000,47070,28600,31570,38210,58960,76460
39-5012,305710,43960,27040,30120,35790,48830,71190
39-5092,152770,38570,28920,34010,35760,41650,50140
39-5094,72890,51850,29580,36040,45330,59700,82050
39-7010,53500,43720,28520,32910,38120,47700,60930
39-9011,518910,35030,24260,29360,34980,38570,46010
39-9031,322930,52420,28800,35280,47160,61730,83100
39-9032,331490,38520,27600,31780,36560,43470,50410
41-1011,1121800,53380,33120,38590,48520,62130,77080
41-2011,3089410,33180,24530,28720,32880,36330,40410
41-2031,3897860,37310,27210,29900,35410,38670,47890
41-3011,91700,80670,35240,47020,64820,99990,146010
41-3021,479100,81480,37330,46870,62280,96950,138140
41-3031,489570,109150,48040,56540,78660,129950,212880
41-3041,55110,54660,34610,41950,50160,63060,76660
41-4012,1238190,82530,39090,50470,72080,99640,137550
41-9022,193370,69510,32970,40040,52830,82020,123590
43-1011,1436680,73490,45610,55950,69500,85090,104710
43-3031,1373680,53560,36000,43520,50670,61470,74550
43-4051,2595750,46590,31750,36870,44770,51780,63590
43-6014,1706790,49350,33280,38830,47540,58000,66350
43-9061,2464940,46420,30310,36350,45010,54300,64680
45-1011,27960,62730,38990,46670,59320,75290,91770
45-2011,14410,54910,37020,42330,49940,64500,79580
45-2021,1330,57010,38480,44320,51130,62080,90550
45-2041,25180,36430,29580,34320,35730,38260,44490
45-4011,6050,43680,33780,37440,43680,45760,57220
45-4022,21060,53190,35170,43970,49740,61050,74300
47-1011,812210,86450,53280,63400,79920,101460,128260
47-2021,52550,68280,44820,51110,62120,79350,100010
47-2031,670090,65630,40410,48510,60580,76830,99910
47-2041,13780,56990,35450,41970,50340,66320,82140
47-2051,206170,60050,39190,47010,57020,66870,85480
47-2061,1096780,52030,35090,38620,47120,59740,78090
47-2071,41820,59000,38230,45610,53340,64720,92230
47-2073,478090,66290,42190,48680,59850,77170,101090
47-2081,83080,63600,38460,47440,58930,74230,102010
47-2111,757220,71490,42640,49430,63190,83940,108510
47-2121,58480,59720,37300,46320,57080,66610,89790
47-2131,44440,54740,37030,43200,49120,60980,78190
47-2141,225190,55420,37440,44640,49400,61660,78810
47-2151,33050,54700,37730,43980,49000,61400,80170
47-2152,465840,72170,44150,50190,63800,85110,108420
47-2161,19310,62050,39560,47970,57660,71310,96710
47-2171,13800,66060,43310,47990,58970,77320,104540
47-2181,135490,58140,37460,46260,55440,65390,81720
47-2211,119770,67850,38630,47830,61800,81610,105650
47-2221,68380,70280,44580,49880,62780,82660,108260
47-4011,146720,77730,47140,58860,74690,94710,114200
49-2011,65600,50880,35910,38900,47810,59870,71730
49-2022,140920,68500,44240,51830,63890,81690,96730
49-3011,138090,84740,48780,62630,79870,99130,128890
49-3023,704640,56420,34660,38900,50620,70430,81790
49-3031,289960,64320,44530,50540,61770,75470,88740
49-3041,37870,57290,37470,46450,56550,65580,78740
49-9021,409670,64780,40050,48360,61010,77060,95210
49-9041,439640,68460,46120,55010,64520,78780,95170
49-9043,60020,64610,42000,48920,60850,75200,88550
49-9044,40330,69780,46290,56390,65700,81500,93600
49-9051,131070,91970,51470,67270,95320,109740,128690
49-9052,97720,73940,45310,54310,74330,95850,103680
49-9071,1529700,53780,35350,40840,49590,62620,77180
49-9094,15040,55470,35530,43160,51320,64560,79400
49-9098,95580,41490,29310,34910,39630,46890,55890
51-1011,673430,76600,47130,58630,74450,91680,108750
51-2011,34020,71420,47310,58600,65380,83410,107500
51-2028,246970,47660,35350,38380,45850,51670,62950
51-2041,52360,54030,37960,45610,51330,61250,72280
51-2090,1405030,46660,33280,37380,44650,51200,64880
51-3011,236200,38480,28120,32660,37160,44360,49020
51-3021,136430,42380,29460,35510,40140,48050,58110
51-4031,171200,48430,35760,38870,46330,55410,65510
51-4041,287050,59320,39200,47570,58750,67700,80010
51-4121,416210,56760,39240,46790,53750,63010,77530
51-5112,144260,47360,33330,37390,45780,55740,63520
51-9161,169450,54320,38140,44930,50690,61760,73890
53-2011,103560,288650,106710,182280,232140,384440,463830
53-2012,47630,146080,58850,84540,123220,190440,266620
53-2021,22510,146490,78420,104520,148080,190570,215610
53-3031,409180,40730,22590,30200,38770,49000,59980
53-3032,2062040,59710,40140,47960,58640,69120,79380
53-3033,983300,48770,30800,37270,44860,52310,80310
53-4011,33470,85900,60680,75190,81410,93260,109220
53-5021,36850,103720,47420,63880,92460,127180,170640
53-6051,24500,88540,40330,58780,92100,108890,138670
53-7051,774420,48370,36840,40030,46420,54770,62520
53-7062,2950280,42260,31270,36090,40240,46920,55140
